id,status,title,description,primaryKeyword,image,destination,category,suggestedDate,alt,rights
pin-01,draft-not-scheduled,Coffee station ideas for a small kitchen,"Coffee station ideas for a small kitchen. Keep a prep zone clear. Group only daily gear. Give cleanup its own spot. Read the practical PickPop guide and check fit, care, and current retailer details before buying. The destination includes affiliate links; qualifying purchases may support PickPop.",coffee station ideas for small kitchens,pin-01.png,https://pickpop.netlify.app/guides/coffee-station.html?utm_source=pinterest&utm_medium=organic_social&utm_campaign=first_sales_14d&utm_content=pin-01,Coffee station,2026-10-12,A coffee corner. Room to cook.. Keep a prep zone clear. Group only daily gear. Give cleanup its own spot,Original PickPop vector illustration and typography. No Amazon product photos. Outfit and DM Sans fonts under repository OFL licenses.
pin-02,draft-not-scheduled,Before you buy a coffee maker for your apartment,"Before you buy a coffee maker for your apartment. Manual or automatic?. Count the supporting gear. Check space and cleanup. Read the practical PickPop guide and check fit, care, and current retailer details before buying. The destination includes affiliate links; qualifying purchases may support PickPop.",coffee maker for small apartment,pin-02.png,https://pickpop.netlify.app/guides/coffee-maker-small-apartment.html?utm_source=pinterest&utm_medium=organic_social&utm_campaign=first_sales_14d&utm_content=pin-02,Coffee buying guide,2026-10-13,Choose your morning routine.. Manual or automatic?. Count the supporting gear. Check space and cleanup,Original PickPop vector illustration and typography. No Amazon product photos. Outfit and DM Sans fonts under repository OFL licenses.
pin-03,draft-not-scheduled,Small kitchen organization starts with one clear counter,"Small kitchen organization starts with one clear counter. Choose one prep zone. Move occasional tools away. Test before buying storage. Read the practical PickPop guide and check fit, care, and current retailer details before buying. The destination includes affiliate links; qualifying purchases may support PickPop.",small kitchen organization,pin-03.png,https://pickpop.netlify.app/guides/small-kitchen.html?utm_source=pinterest&utm_medium=organic_social&utm_campaign=first_sales_14d&utm_content=pin-03,Kitchen organization,2026-10-14,Clear space. Better prep.. Choose one prep zone. Move occasional tools away. Test before buying storage,Original PickPop vector illustration and typography. No Amazon product photos. Outfit and DM Sans fonts under repository OFL licenses.
pin-04,draft-not-scheduled,Kitchen essentials for small apartments: start with tasks,"Kitchen essentials for small apartments: start with tasks. List what you cook. Check what you already own. Measure before adding more. Read the practical PickPop guide and check fit, care, and current retailer details before buying. The destination includes affiliate links; qualifying purchases may support PickPop.",kitchen essentials for small apartments,pin-04.png,https://pickpop.netlify.app/guides/small-apartment-kitchen-essentials.html?utm_source=pinterest&utm_medium=organic_social&utm_campaign=first_sales_14d&utm_content=pin-04,Kitchen essentials,2026-10-15,One task. One useful tool.. List what you cook. Check what you already own. Measure before adding more,Original PickPop vector illustration and typography. No Amazon product photos. Outfit and DM Sans fonts under repository OFL licenses.
pin-05,draft-not-scheduled,Coffee corner collection: plan the complete setup,"Coffee corner collection: plan the complete setup. Brewer + compatible filters. A way to heat water. A place to rinse and dry. Read the practical PickPop guide and check fit, care, and current retailer details before buying. The destination includes affiliate links; qualifying purchases may support PickPop.",small kitchen coffee corner,pin-05.png,https://pickpop.netlify.app/collections/coffee-corner/?utm_source=pinterest&utm_medium=organic_social&utm_campaign=first_sales_14d&utm_content=pin-05,Coffee collection,2026-10-16,Coffee needs a little planning.. Brewer + compatible filters. A way to heat water. A place to rinse and dry,Original PickPop vector illustration and typography. No Amazon product photos. Outfit and DM Sans fonts under repository OFL licenses.
pin-06,draft-not-scheduled,Kitchen cabinet organization: measure first,"Kitchen cabinet organization: measure first. Measure usable shelf space. Leave room to lift items. Keep daily tools reachable. Read the practical PickPop guide and check fit, care, and current retailer details before buying. The destination includes affiliate links; qualifying purchases may support PickPop.",kitchen cabinet organization,pin-06.png,https://pickpop.netlify.app/guides/kitchen-cabinet-organization.html?utm_source=pinterest&utm_medium=organic_social&utm_campaign=first_sales_14d&utm_content=pin-06,Cabinet organization,2026-10-17,Your cabinet. Your dimensions.. Measure usable shelf space. Leave room to lift items. Keep daily tools reachable,Original PickPop vector illustration and typography. No Amazon product photos. Outfit and DM Sans fonts under repository OFL licenses.
pin-07,draft-not-scheduled,Food storage containers: choose for the job,"Food storage containers: choose for the job. Check material and care. Read heating instructions. Count lids as storage too. Read the practical PickPop guide and check fit, care, and current retailer details before buying. The destination includes affiliate links; qualifying purchases may support PickPop.",food storage container buying guide,pin-07.png,https://pickpop.netlify.app/guides/food-storage-containers.html?utm_source=pinterest&utm_medium=organic_social&utm_campaign=first_sales_14d&utm_content=pin-07,Food storage,2026-10-18,Match storage to the meal.. Check material and care. Read heating instructions. Count lids as storage too,Original PickPop vector illustration and typography. No Amazon product photos. Outfit and DM Sans fonts under repository OFL licenses.
pin-08,draft-not-scheduled,Coffee mugs and drinkware: the everyday checklist,"Coffee mugs and drinkware: the everyday checklist. Capacity is not cup count. Check the handle and fit. Read the care instructions. Read the practical PickPop guide and check fit, care, and current retailer details before buying. The destination includes affiliate links; qualifying purchases may support PickPop.",coffee mug buying guide,pin-08.png,https://pickpop.netlify.app/guides/drinkware-buying-guide.html?utm_source=pinterest&utm_medium=organic_social&utm_campaign=first_sales_14d&utm_content=pin-08,Drinkware,2026-10-19,A mug that fits your day.. Capacity is not cup count. Check the handle and fit. Read the care instructions,Original PickPop vector illustration and typography. No Amazon product photos. Outfit and DM Sans fonts under repository OFL licenses.
pin-09,draft-not-scheduled,Spice storage ideas: start with the location,"Spice storage ideas: start with the location. Read each storage label. Choose a practical location. Keep names easy to find. Read the practical PickPop guide and check fit, care, and current retailer details before buying. The destination includes affiliate links; qualifying purchases may support PickPop.",spice storage ideas,pin-09.png,https://pickpop.netlify.app/guides/spice-storage.html?utm_source=pinterest&utm_medium=organic_social&utm_campaign=first_sales_14d&utm_content=pin-09,Spice organization,2026-10-20,A better home for your spices.. Read each storage label. Choose a practical location. Keep names easy to find,Original PickPop vector illustration and typography. No Amazon product photos. Outfit and DM Sans fonts under repository OFL licenses.
pin-10,draft-not-scheduled,Small kitchen collection: buy for a routine,"Small kitchen collection: buy for a routine. Start with a real job. Check dimensions and weight. Confirm current price on Amazon. Read the practical PickPop guide and check fit, care, and current retailer details before buying. The destination includes affiliate links; qualifying purchases may support PickPop.",kitchen tools for small spaces,pin-10.png,https://pickpop.netlify.app/collections/small-kitchen/?utm_source=pinterest&utm_medium=organic_social&utm_campaign=first_sales_14d&utm_content=pin-10,Kitchen collection,2026-10-21,Useful picks. Space checks first.. Start with a real job. Check dimensions and weight. Confirm current price on Amazon,Original PickPop vector illustration and typography. No Amazon product photos. Outfit and DM Sans fonts under repository OFL licenses.
pin-11,draft-not-scheduled,Practical gifts for home lovers: ask three questions,"Practical gifts for home lovers: ask three questions. Do they want this routine?. Will it fit their space?. Are extra supplies needed?. Read the practical PickPop guide and check fit, care, and current retailer details before buying. The destination includes affiliate links; qualifying purchases may support PickPop.",practical gifts for home lovers,pin-11.png,https://pickpop.netlify.app/guides/smart-gifts.html?utm_source=pinterest&utm_medium=organic_social&utm_campaign=first_sales_14d&utm_content=pin-11,Practical gifts,2026-10-22,A useful gift. A personal fit.. Do they want this routine?. Will it fit their space?. Are extra supplies needed?,Original PickPop vector illustration and typography. No Amazon product photos. Outfit and DM Sans fonts under repository OFL licenses.
pin-12,draft-not-scheduled,"Counter, tray, or cabinet? Plan your coffee station","Counter, tray, or cabinet? Plan your coffee station. Counter: easy daily access. Tray: group portable tools. Cabinet: check clearance. Read the practical PickPop guide and check fit, care, and current retailer details before buying. The destination includes affiliate links; qualifying purchases may support PickPop.",coffee station organization ideas,pin-12.png,https://pickpop.netlify.app/guides/coffee-station.html?utm_source=pinterest&utm_medium=organic_social&utm_campaign=first_sales_14d&utm_content=pin-12,Coffee organization,2026-10-22,Three setups. Your everyday fit.. Counter: easy daily access. Tray: group portable tools. Cabinet: check clearance,Original PickPop vector illustration and typography. No Amazon product photos. Outfit and DM Sans fonts under repository OFL licenses.
